Date,Open,High,Low,Close,Volume,Dividends,Stock Splits,daily_return,cum_return,middle_band,upper_band,lower_band,Conversion,Baseline,SpanA,SpanB,Lagging
2020-11-25,29.564183073223763,30.549655842331223,26.115028381347656,26.115028381347656,1200,0.0,0,,,,,,,,,,19.28569984436035
2020-11-27,25.967209852936467,25.967209852936467,21.97604370117188,21.976043701171875,5200,0.0,0,-0.1584905296573218,0.8415094703426782,,,,,,,,20.547107696533203
2020-11-30,22.94968933625447,23.158609452437894,18.911222457885746,18.911222457885746,65100,0.0,0,-0.13946191975959243,0.7241509441128104,,,,,,,,21.059553146362305
2020-12-01,21.384759606419102,21.78880328694056,16.49681374796326,18.142553329467773,8782600,0.0,0,-0.04064618932645714,0.6947169677374685,,,,,,,,19.89669418334961
2020-12-02,17.866619082584567,18.3297924508892,17.009258892967033,17.98487663269043,2105400,0.0,0,-0.008690987090622992,0.6886791915392254,,,,,,,,20.212045669555664
2020-12-03,18.12284266938921,18.86194720735308,17.76807376932178,18.47761344909668,1555600,0.0,0,0.027397286424007072,0.7075471326040792,,,,,,,,20.547107696533203
2020-12-04,18.47761555721885,19.039334769415863,18.388922852172986,18.72398376464844,1390600,0.0,0,0.01333344894515065,0.7169811761729434,,,,,,,,21.187664031982425
2020-12-07,18.714127963530093,18.93093129958207,17.492141935560436,17.738510131835938,1481500,0.0,0,-0.052631621838570175,0.6792452940432359,,,,,,,,22.15342712402344
2020-12-08,17.492140627501115,17.768073663365907,16.33913747996755,16.979694366455078,3246400,0.0,0,-0.042777874790001946,0.6501886239029563,,,,23.444396661149387,,,,21.158100128173828
2020-12-09,17.196499564865256,17.442867742702063,16.70376320919164,17.0388240814209,1793400,0.0,0,0.003482378050492896,0.6524528264955162,,,,21.15317366645201,,,,20.7639102935791
2020-12-10,16.85158455229606,17.442868583535244,16.841729599150728,17.364030838012695,728800,0.0,0,0.0190862206827056,0.6649056851270646,,,,19.748873466202724,,,,20.26131820678711
2020-12-11,17.216207732606147,17.531560581736667,17.068387200612488,17.462575912475586,844500,0.0,0,0.005675241848059898,0.6686791856963107,,,,19.063970383454055,,,,19.89669418334961
2020-12-14,17.817345324019936,18.290371741911816,17.689234707372513,17.71879768371582,1038500,0.0,0,0.014672621755487114,0.6784904624637997,,,,17.689236124691707,,,,20.399288177490234
2020-12-15,17.748362858444338,18.00458597598063,17.18664374215475,17.728652954101562,964100,0.0,0,0.0005562042392299738,0.6788678417352992,,,,17.689236124691707,,,,20.586523056030277
2020-12-16,17.738511081187355,18.1326998403968,17.639963421474924,17.768075942993164,542400,0.0,0,0.002223687777839878,0.6803774318577346,,,,17.689236124691707,,,,19.03933334350586
2020-12-17,17.620251358016976,18.546596238564234,17.275337410679203,18.47761344909668,670900,0.0,0,0.03993327743420205,0.7075471326040794,,,,17.63503438977481,,,,17.748363494873047
2020-12-18,18.536739854771444,18.70427027896193,17.265481125029428,17.896183013916016,1919800,0.0,0,-0.03146674957685558,0.6852829241686046,,,,17.521703879464738,,,,17.20635223388672
2020-12-21,17.570978108707163,17.925748881038928,17.127514643292457,17.748363494873047,674300,0.0,0,-0.008259835012193628,0.6796226002782983,,,,17.70401674407678,,,,16.69390869140625
2020-12-22,17.79763734311319,17.79763734311319,16.851584405105893,16.881147384643555,768000,0.0,0,-0.048861750576609686,0.6464150502972732,,,,17.772999939056326,,,,17.69908905029297
2020-12-23,16.959982680910052,17.196497760905537,16.280007934752497,16.50666618347168,798700,0.0,0,-0.022183397410091565,0.6320753683446645,18.382022857666016,22.577667506961916,14.186378208370114,17.492139106857213,,,,18.093280792236328
2020-12-24,16.516523995291426,16.8121650770225,16.29972066066465,16.53623390197754,356600,0.0,0,0.001791259251093802,0.6332075791956004,17.90308313369751,20.199580280244042,15.606585987150979,17.492139106857213,,,,17.728652954101562
2020-12-28,16.733325861033254,16.891001341400777,15.96465836415158,16.13218879699707,1187400,0.0,0,-0.02443392536508271,0.6177358324649305,17.61089038848877,19.097030045262997,16.124750731714542,17.334464321556755,,,,18.68456268310547
2020-12-29,16.161751895783958,16.753035891408736,16.14204199068046,16.674198150634766,474900,0.0,0,0.03359800461414064,0.6384905238144072,17.49903917312622,18.91096876170151,16.08710958455093,17.334464321556755,,,,19.34482955932617
2020-12-30,16.831875057905112,18.034151176455417,16.762892263839788,17.856767654418945,413800,0.0,0,0.07092212129787856,0.6837736261919186,17.48474988937378,18.875744076674692,16.09375570207287,17.334464321556755,,,,19.295555114746094
2020-12-31,17.807492525574162,19.098461318725658,17.659671987061266,18.68456268310547,541700,0.0,0,0.04635749564012914,0.7154716590869458,17.519734191894532,18.99296351485943,16.046504868929635,17.531559841438618,,,,20.350011825561523
2021-01-04,18.852092225007304,18.97034977793736,17.72865393055193,18.536741256713867,555600,0.0,0,-0.007911420186743845,0.7098112621602022,17.52269058227539,19.00389924428454,16.041481920266243,17.531559841438618,23.2571571032414,,,19.827713012695312
2021-01-05,18.379064913094297,19.69959844080007,18.26080924533435,19.28569984436035,528400,0.0,0,0.04040400506616648,0.738490479992545,17.550776386260985,19.140573311488218,15.960979461033753,17.832128402475824,20.965934108544023,,,19.65032768249512
2021-01-06,19.364539616872527,20.625945443201235,19.364539616872527,20.547107696533203,1230900,0.0,0,0.06540638205264404,0.7867924704691779,17.69120626449585,19.75417497787167,15.628237551120032,18.295301903676407,19.561633908294738,,,19.67989158630371
2021-01-07,20.69492740784905,21.32562935593677,20.596379758550324,21.059553146362305,984400,0.0,0,0.02494002841653309,0.8064150970405934,17.89519920349121,20.401032468395954,15.389365938586465,18.645143860044175,18.87673082554607,,,19.96567916870117
2021-01-08,21.43403105700081,21.43403105700081,19.79814653819402,19.89669418334961,487900,0.0,0,-0.05521764659159256,0.7618867532060811,18.038092708587648,20.656931775699768,15.419253641475526,18.699344710576195,18.699344710576195,,,20.212045669555664
2021-01-11,19.827711911061957,20.25146360085859,19.334975552115125,20.212045669555664,511700,0.0,0,0.015849441284067955,0.7739622325661301,18.180493450164796,20.94455087148106,15.416436028848533,18.788036523840635,18.699344710576195,,,20.18248176574707
2021-01-12,20.271174643375005,20.59638058333567,19.955823656702865,20.547107696533203,548000,0.0,0,0.01657734365216812,0.7867924704691781,18.334720039367674,21.26252714551431,15.406912933221042,19.0984616604203,18.699344710576195,,,20.862457275390625
2021-01-13,20.40913966067303,21.35519447393254,20.37957668127248,21.187664031982425,587300,0.0,0,0.03117501231364539,0.8113207354243382,18.508163356781004,21.67350422131856,15.342822492243448,19.546851522031037,18.699344710576195,,,22.09429931640625
2021-01-14,21.29606687811793,22.65601845559982,20.75405573403825,22.15342712402344,783600,0.0,0,0.04558138596983663,0.8483018590110467,18.7294020652771,22.24867453001047,15.21012960054373,20.192336193075874,19.3103384098757,,,20.62594413757324
2021-01-15,21.808512019311568,22.38008616242171,20.58652598506369,21.158100128173828,669000,0.0,0,-0.04492880448146408,0.8101886706462769,18.89890327453613,22.542373404766913,15.25543314430535,20.458413850467085,19.3103384098757,,,21.80850982666016
2021-01-19,21.43403205631196,21.522724753123075,20.675217596767983,20.7639102935791,366800,0.0,0,-0.018630681970817853,0.7950943031871064,19.013218116760253,22.740068123776197,15.28636810974431,20.995497003857473,19.3103384098757,,,21.847930908203125
2021-01-20,20.704781674104638,21.02998759025748,20.005095078963656,20.26131820678711,408600,0.0,0,-0.024205078893420717,0.7758489828507531,19.131474876403807,22.859146527566047,15.403803225241568,20.995497003857473,19.3103384098757,,,21.640979766845703
2021-01-21,20.448558364724917,20.487978174643143,19.88683923087005,19.89669418334961,364400,0.0,0,-0.017996066184645332,0.7618867532060812,19.238891410827637,22.924062200127292,15.553720621527983,20.995497003857473,19.3103384098757,,,21.897201538085938
2021-01-22,19.640473653055885,20.399288177490234,19.2364299462044,20.399288177490234,299300,0.0,0,0.025260175861838263,0.7811321465788719,19.41479845046997,22.964959762863835,15.864637138076105,20.94622420090211,19.3103384098757,,,21.44388771057129
2021-01-25,20.26131715673143,21.177807021929965,20.212044276089756,20.586523056030277,315600,0.0,0,0.009178500588400418,0.7883017684458645,19.6187912940979,22.935868469116414,16.301714119079385,20.94622420090211,19.3103384098757,,,21.80850982666016
2021-01-26,20.586525269547597,20.75405571323849,18.92107766539471,19.03933334350586,305000,0.0,0,-0.07515546497645265,0.7290565824965557,19.743946266174316,22.758297395422645,16.729595136925987,20.788548060497263,19.3103384098757,,,22.76442146301269
2021-01-27,18.694416381571088,18.891511672786518,17.63996089674056,17.748363494873047,482600,0.0,0,-0.06780541237139226,0.6796226002782988,19.824755001068116,22.513170206263467,17.136339795872765,20.14798967617019,19.3103384098757,,,23.61192512512207
2021-01-28,17.846910984933988,17.93560367724392,16.83187343940922,17.20635223388672,615700,0.0,0,-0.030538661276736767,0.6588678358923847,19.851362705230713,22.42118696391075,17.281538446550677,19.605979800915463,19.3103384098757,,,24.40030670166016
2021-01-29,17.1767901069889,17.5512689200146,16.51652329800036,16.69390869140625,502900,0.0,0,-0.02978223016214021,0.6392452823574065,19.793219757080077,22.586365820649522,17.000073693510632,19.01962402556172,19.3103384098757,,,24.10466194152832
2021-02-01,16.851583793973393,18.093279639807225,16.39826536788801,17.69908905029297,463800,0.0,0,0.060212403066764564,0.6777357769572384,19.743946075439453,22.647394054965936,16.84049809591297,18.788036194908987,19.3103384098757,,,23.69076538085937
2021-02-02,17.92575034491413,18.44804971389968,17.74836494426238,18.093280792236328,305900,0.0,0,0.022271866129564222,0.6928302174528462,19.721773052215575,22.66868115809411,16.77486494633704,18.788036194908987,19.3103384098757,,,24.045534133911133
2021-02-03,18.10313361805457,18.284460602800262,17.630105312027613,17.728652954101562,249700,0.0,0,-0.020152665639900147,0.6788678417352997,19.643920707702637,22.71385767747519,16.573983737930085,18.788036194908987,19.3103384098757,,,25.02115249633789
2021-02-04,17.738509732910817,18.70427258947789,17.531561354920786,18.68456268310547,332000,0.0,0,0.05391891484811051,0.7154716590869459,19.55079345703125,22.618462893007454,16.483124021055048,18.788036194908987,19.39903022314014,,,26.115028381347656
2021-02-05,19.029478575115064,19.354684512537784,18.3593567938464,19.34482955932617,362600,0.0,0,0.03533756114172859,0.7407546825851048,19.465057277679442,22.453232814673935,16.47688174068495,18.57616054056325,19.527141911743914,,,26.44023323059082
2021-02-08,19.571488143468624,20.103642416442103,19.10831477812581,19.295555114746094,342100,0.0,0,-0.002547163542018338,0.7388678592640446,19.435000324249266,22.417227494459897,16.452773154038635,18.250953892165057,19.527141911743914,,,26.232511520385746
2021-02-09,19.21671854377947,20.47812433511851,18.950640451290443,20.350011825561523,373600,0.0,0,0.054647648359677836,0.779245250221374,19.44189863204956,22.431996775131402,16.45180048896772,18.43819485150326,19.527141911743914,,,25.777498245239254
2021-02-10,20.44856003242113,20.625945432239984,19.610907799743323,19.827713012695312,271700,0.0,0,-0.02566577441543083,0.7592453174148963,19.405928897857667,22.35865299430398,16.453204801411353,18.512105400063994,19.527141911743914,20.39435847234001,,25.579668045043945
2021-02-11,19.66018263581332,19.75872840971502,19.02947878092956,19.65032768249512,547300,0.0,0,-0.008946333351033231,0.7524528557100916,19.329062080383302,22.168938324819145,16.48918583594746,18.512105400063994,19.527141911743914,19.399031255509925,,25.18400001525879
2021-02-12,19.49265310339205,19.906551763978214,19.285702833278847,19.67989158630371,250200,0.0,0,0.00150449927788876,0.7535849204881527,19.205385303497316,21.738181418279982,16.67258918871465,19.078753393580385,19.527141911743914,18.92846790598557,,23.759611129760746
2021-02-16,19.739020875642893,20.05437187113966,19.21671961457625,19.96567916870117,434000,0.0,0,0.014521806745945387,0.7645283350701403,19.14576425552368,21.542968686962322,16.74855982408504,19.078753393580385,19.527141911743914,18.760937342795124,,24.125600814819336
2021-02-17,19.975532442817997,20.44855889629333,19.86712984236488,20.212045669555664,280600,0.0,0,0.0123395001378519,0.77396223256613,19.11817102432251,21.451404513573465,16.784937535071556,19.078753393580385,19.527141911743914,18.699344710576195,,25.193891525268555
2021-02-18,20.18248176574707,20.29088437132638,20.05437113340436,20.18248176574707,136400,0.0,0,-0.0014626873643533989,0.7728301677880687,19.114229202270508,21.439896639335075,16.78856176520594,19.49265111304319,19.527141911743914,18.743690617208415,,25.708255767822266
2021-02-19,20.20219048673609,20.990567900216124,20.054369956663585,20.862457275390625,295900,0.0,0,0.03369137242564402,0.7988678767927895,19.16251735687256,21.590162535075233,16.734872178669885,19.970604175753284,19.527141911743914,18.89890318549825,,24.659746170043945
2021-02-22,20.783620623044865,22.10415426954612,20.714637830705865,22.09429931640625,482000,0.0,0,0.05904587483415513,0.8460377294549238,19.24726791381836,21.94782987333749,16.546705954299227,20.527397360418284,19.527141911743914,19.123098116303616,,24.90703773498535
2021-02-23,21.956332673067497,22.616599464482277,20.468268654218072,20.62594413757324,616900,0.0,0,-0.06645855375656451,0.789811285531862,19.249238967895508,21.953805945098928,16.544671990692088,20.823039122705918,19.507432416185143,19.751337301475786,,25.4016170501709
2021-02-24,20.74419939547441,21.80850982666016,20.14306233206801,21.80850982666016,301300,0.0,0,0.05733389372138853,0.835094241836499,19.387697792053224,22.312174728802233,16.463220855304215,20.823039122705918,19.507432416185143,19.884376130171393,,25.72804069519043
2021-02-25,21.739528304389385,22.90238644829647,21.54243488248452,21.847930908203125,235800,0.0,0,0.001807600879486726,0.836603758922497,19.592676162719727,22.603173674866696,16.582178650572757,21.05955303143636,19.65032590809224,20.15291770686659,,26.28196907043457
2021-02-26,21.946477659686185,22.08444323733026,21.47837774742805,21.640979766845703,405700,0.0,0,-0.00947234510338546,0.8286791594031937,19.814407539367675,22.740360768667603,16.888454310067747,21.05955303143636,19.65032590809224,20.15291770686659,,25.72804069519043
2021-03-01,22.133714747792045,22.547613334687703,21.77894587305284,21.897201538085938,439600,0.0,0,0.011839656706891244,0.8384904361706828,20.07457218170166,22.757066794731422,17.3920775686719,21.38475814533067,19.65032590809224,20.15291770686659,,24.887252807617188
2021-03-02,21.946479049058134,22.251975081598715,21.325630151075504,21.44388771057129,226200,0.0,0,-0.02070190689555451,0.8211320852282644,20.261812114715575,22.770233580031174,17.753390649399975,21.478378202480027,19.65032590809224,20.128281305388903,,24.669639587402344
2021-03-03,21.6902541563284,22.192845454338336,21.503013818723133,21.80850982666016,366500,0.0,0,0.017003545299723033,0.8350942418364993,20.447573566436766,22.832008263546143,18.06313886932739,21.478378202480027,19.65032590809224,20.128281305388903,,24.382781982421875
2021-03-04,21.838076528840745,22.87282219003399,21.838076528840745,22.76442146301269,687100,0.0,0,0.04383204739573543,0.8716981322245825,20.699361991882324,22.939848744919725,18.45887523884492,21.52272439018224,19.65032590809224,20.04944323518648,,24.610286712646484
2021-03-05,23.09948074671102,23.690764746028403,22.872820595885344,23.61192512512207,306800,0.0,0,0.03722930817663839,0.9041508506261715,20.945730113983153,23.32664189444371,18.564818333522595,21.916913539048206,20.044515056958204,19.729164043022948,,23.92776870727539
2021-03-08,23.651347149696285,24.763945652824603,23.651347149696285,24.40030670166016,341000,0.0,0,0.033389127415929476,0.9343396585809498,21.198503971099854,23.901303611937585,18.49570433026212,22.453503992446308,20.581105510356306,19.45815910539558,,24.59050750732422
2021-03-09,24.34117704951596,24.78463864780265,23.91742347719485,24.10466194152832,352300,0.0,0,-0.012116436229538174,0.9230187916910253,21.438959312438964,24.275645781368105,18.602272843509823,23.055134399439076,20.59145200784533,19.16498121771871,,24.639965057373047
2021-03-10,23.85829394085447,24.00611635437496,22.872821208798225,23.69076538085937,309000,0.0,0,-0.017170809599941883,0.9071698117617303,21.605996990203856,24.55886550945457,18.653128470953142,23.055134399439076,21.158100001361717,19.049187302392344,,25.26313591003418
2021-03-11,23.956841438216752,24.193354666855083,23.3261394951812,24.045534133911133,447000,0.0,0,0.014974980645344305,0.9207546621349029,21.816888046264648,24.834088878795352,18.799687213733943,23.055134399439076,21.158100001361717,19.049187302392344,,25.273025512695312
2021-03-12,24.22292009592438,25.405488146614104,24.203210189830195,25.02115249633789,365300,0.0,0,0.040573786258748745,0.9581131649931108,22.08542928695679,25.23800814309932,18.932850430814256,23.365559148844802,21.468524750767443,19.049187302392344,,23.93766212463379
2021-03-15,25.109845705744416,26.27763229047765,24.735366880525245,26.115028381347656,624100,0.0,0,0.04371804556843917,1.000000000000001,22.407186126708986,25.817934422400583,18.99643783101739,23.890323054600394,22.318494542162025,19.093533209024564,,24.728988647460938
2021-03-16,26.055899467958877,26.627473575305896,25.48432536061185,26.44023323059082,268700,0.0,0,0.012452785595111093,1.0124527855951122,22.730913829803466,26.37685408106271,19.084973578544222,24.232775052073322,22.78905701329817,19.05165122615358,,24.02668571472168
2021-03-17,26.41056053990657,26.56882591577572,25.77749714975785,26.232511520385746,260700,0.1,0,-0.007856273747417042,1.004498679355142,23.03193712234497,26.789955769826978,19.273918474862963,24.75014708559562,22.78905701329817,18.889047901954484,,25.500534057617188
2021-03-18,26.21272899071173,26.72115695679958,25.56977563808532,25.777498245239254,212200,0.0,0,-0.01734539503748589,0.9870752529470942,23.31168794631958,27.01151285631772,19.61186303632144,24.796989082798902,22.87531786886457,18.982668381623586,,26.14348602294922
2021-03-19,25.71814978631205,26.12370507431627,25.094980063933345,25.579668045043945,658600,0.0,0,-0.007674530643478783,0.9794999136709321,23.547548484802245,27.19321387664577,19.90188309295872,24.796989082798902,22.87531786886457,19.019623655903956,23.2571571032414,33.78968811035156
2021-03-22,25.52031439687177,26.202834981518343,25.05541011013478,25.18400001525879,257800,0.0,0,-0.015468067415433717,0.9643489429728587,23.702033519744873,27.350158518414847,20.0539085210749,24.796989082798902,22.968938285687912,19.019623655903956,20.965934108544023,31.831153869628903
2021-03-23,24.7388787872148,25.065301339699488,23.670586625749284,23.759611129760746,174200,0.0,0,-0.05655927909128877,0.9098060619658674,23.858716869354247,27.21982232802666,20.497611410681834,25.02364822599039,22.968938285687912,19.302947652662148,19.561633908294738,30.98047637939453
2021-03-24,24.026686369181405,24.47180703456844,23.90798639307493,24.125600814819336,348600,0.0,0,0.01540385838218361,0.9238205856996419,23.974571418762206,27.200603268541542,20.74853956898287,25.19587179127443,23.29414339958223,19.302947652662148,19.3103384098757,30.555137634277344
2021-03-25,23.9277685858316,25.352156892698176,23.43318884094604,25.193891525268555,202000,0.0,0,0.044280377456673126,0.9647277099366669,24.141869449615477,27.253184728417775,21.03055417081318,25.07717289887281,23.387763456731584,19.302947652662148,19.3103384098757,30.37709045410156
2021-03-26,25.470857708781843,26.19294370753048,25.15432696339461,25.708255767822266,394700,0.0,0,0.020416228355902177,0.9844238111640005,24.345233249664307,27.302351082003362,21.388115417325253,25.07717289887281,23.387763456731584,19.509896512393553,19.3103384098757,30.47600555419922
2021-03-29,25.569772968283484,26.311642579239454,24.64985434883056,24.659746170043945,161900,0.0,0,-0.04078493722980181,0.9442741478181544,24.483360481262206,27.217533313313197,21.749187649211216,25.07717289887281,23.432109644433794,19.7488730437486,19.3103384098757,30.644163131713867
2021-03-30,24.541047871876884,25.179056233509048,24.412457960697868,24.90703773498535,241100,0.0,0,0.01002814721758205,0.9537434679862318,24.65651798248291,27.006590612005763,22.306445352960058,25.07717289887281,23.432109644433794,20.0272696360811,19.3103384098757,31.49483871459961
2021-03-31,24.976278150103575,25.72803961983408,24.73888008913691,25.4016170501709,335900,0.0,0,0.019857010715121692,0.9726819622495118,24.836173343658448,26.80202802700249,22.870318660314407,24.872415710092746,23.432109644433794,20.16523576944553,19.3103384098757,31.860828399658203
2021-04-01,25.332377243708407,25.93081833199197,25.332377243708407,25.72804069519043,178600,0.0,0,0.012850506500228231,0.9851814181280538,24.984354305267335,26.73615082410758,23.23255778642709,24.872415710092746,24.02339355393754,20.16523576944553,19.3103384098757,30.950803756713867
2021-04-05,25.985221958649127,26.321536358231096,25.69836478214069,26.28196907043457,227500,0.0,0,0.0215301422213503,1.0063925141741823,25.11785650253296,26.837254747426865,23.398458257639053,24.87736259958857,24.02339355393754,20.354939469764297,19.433522406224025,31.366247177124023
2021-04-06,26.24240412545313,26.88535746994544,25.609340716409744,25.72804069519043,239000,0.0,0,-0.021076365083591564,0.9851814181280536,25.184243202209473,26.890023331869568,23.478463072549378,25.15927315544574,24.105493810510474,20.354939469764297,19.433522406224025,29.160423278808597
2021-04-07,25.817063263589564,26.42044927416277,24.837795587408117,24.887252807617188,332500,0.0,0,-0.032679825779753924,0.9529858610221779,25.223372745513917,26.862176313657844,23.58456917736999,25.15927315544574,24.105493810510474,20.517542026711453,19.433522406224025,30.931018829345703
2021-04-08,24.926821295574243,24.926821295574243,24.2789211142178,24.669639587402344,189800,0.0,0,-0.008743963100187546,0.9446529878183995,25.272316455841064,26.776665424885984,23.767967486796145,25.58213929208162,24.194185644334286,20.564352055286133,19.433522406224025,32.21692657470703
2021-04-09,24.728988194479,24.808120881234448,24.148351657326263,24.382781982421875,153600,0.0,0,-0.011627960917878766,0.9336685997950896,25.2891788482666,26.74437940931992,23.833978287213284,25.516854563635853,24.361716999393092,20.564352055286133,19.433522406224025,32.37519073486328
2021-04-12,24.511372275268684,24.72700755995736,24.155274263358358,24.610286712646484,127400,0.0,0,0.009330548515285253,0.9423802399626762,25.268635559082032,26.750042051473226,23.787229066690838,25.516854563635853,24.87908903291539,20.586525149137238,19.433522406224025,32.11801528930664
2021-04-13,24.48169749609049,24.63007104297482,23.73982787499684,23.92776870727539,173900,0.0,0,-0.027733037544027006,0.9162451733870421,25.159272575378417,26.69708824846728,23.62145690228955,25.31259267247114,24.87908933937183,20.980714298003207,19.82771155508999,32.73128890991211
2021-04-14,23.917878698037505,24.92682191196758,23.917878698037505,24.59050750732422,227300,0.0,0,0.027697476022798595,0.9416228521079347,25.066786289215088,26.5034247233721,23.630147855058077,25.31259267247114,24.87908933937183,21.517304751401305,20.364302008488092,33.39402389526367
2021-04-15,24.748773215219497,24.88230998530227,24.283867003818987,24.639965057373047,191500,0.0,0,0.0020112456009335755,0.9435166869269753,24.987158966064452,26.328936172389664,23.64538175973924,25.31259267247114,24.87908933937183,21.8232932036422,20.374648505977117,34.39307403564453
2021-04-16,24.72898884537154,25.29280948917847,24.33332540118002,25.26313591003418,236200,0.0,0,0.0252910607304071,0.967379224756198,24.9614408493042,26.26020794716546,23.66267375144294,25.31259267247114,25.10574848256332,22.106617200400397,20.374648505977117,34.215030670166016
2021-04-19,25.18400100308981,25.61923172930869,24.82790485133991,25.273025512695312,205400,0.0,0,0.00039146377933252374,0.9677579186835688,24.946108722686766,26.222117009977126,23.670100435396407,25.080138574579806,25.15927315544574,22.106617200400397,20.374648505977117,33.839141845703125
2021-04-20,25.273026022298257,25.569775022524244,23.5617804350153,23.93766212463379,163100,0.0,0,-0.05283749614349631,0.9166240133872877,24.883791828155516,26.22791633155877,23.539667324752262,24.590506082161994,25.15927315544574,22.417041949806123,20.685073255382843,35.678985595703125
2021-04-21,23.88820265611284,24.738880469320573,23.75961274528177,24.728988647460938,300900,0.0,0,0.03305780316837237,0.9469255896012482,24.932260704040527,26.175841295864696,23.688680112216357,24.590506082161994,25.15927315544574,23.104408798381208,21.209837140579054,35.73833465576172
2021-04-22,24.808120756674192,25.34226780459561,24.00690207146413,24.02668571472168,287100,0.0,0,-0.028399986054883253,0.9200329160615607,24.927314949035644,26.184549125435005,23.670080772636283,24.590506082161994,25.15927315544574,23.510916032685746,21.51286947159695,35.58007049560547
2021-04-23,24.2739764333881,25.747823946857057,23.917878389147607,25.500534057617188,187300,0.0,0,0.06134214100084767,0.97646970492403,24.942647075653078,26.220048510620973,23.665245640685182,24.65480219093618,25.15927315544574,23.769602049446895,21.51286947159695,35.68888092041016
2021-04-26,25.47085725758054,26.69741481756436,25.47085725758054,26.14348602294922,268700,0.0,0,0.02521327450944022,1.0010897036444315,24.964408588409423,26.307124051293886,23.62169312552496,25.12959762628983,25.15927315544574,23.836153475831736,21.559711162343795,35.698768615722656
2021-04-27,29.92207464589816,33.8886025502566,29.289013174480317,33.78968811035156,935000,0.0,0,0.29247063994030364,1.2938790499069672,25.420905685424806,29.506132018340615,21.335679352508997,28.72519149263595,28.66089569560132,23.836153475831736,21.559711162343795,35.599853515625
2021-04-28,33.88860372293257,33.88860372293257,31.316790462966956,31.831153869628903,666900,0.0,0,-0.0579624835342194,1.218882606781463,25.76711149215698,30.712738473582434,20.82148451073153,28.725192078973937,28.66089628193931,23.882963684243407,21.559711162343795,35.78779602050781
2021-04-29,32.65215463757214,33.03793002639237,29.97153319942569,30.98047637939453,624800,0.0,0,-0.026724682797189758,1.1863083557482168,26.046054458618165,31.48782947748169,20.60427943975464,28.725192078973937,28.66089628193931,23.99629325583915,21.559711162343795,35.975730895996094
2021-04-30,30.76286211906916,31.79851114779993,30.50568041186944,30.555137634277344,332100,0.0,0,-0.013729251284208321,1.1700212302315935,26.28740930557251,32.07254457829332,20.5022740328517,28.725192078973937,28.66089628193931,24.24500759542833,21.559711162343795,36.36149978637695
2021-05-03,30.970586592289884,31.09917839701133,30.16936784340537,30.37709045410156,494100,0.0,0,-0.005827078323353607,1.1632034248830474,26.49216537475586,32.54856417900305,20.43576657050867,28.82410823410717,28.725192078973937,24.232468177802197,21.559711162343795,36.74728012084961
2021-05-04,29.991317595581727,30.832103599988447,29.65500319381904,30.47600555419922,332700,0.0,0,0.00325624010130654,1.1669910945211286,26.729563617706297,33.01788269306735,20.441244542345245,28.903241056040088,28.725192078973937,24.232468177802197,21.559711162343795,35.56028366088867
2021-05-05,30.57492226344209,31.24755107523444,30.24849967968077,30.644163131713867,330300,0.0,0,0.0055177039922633675,1.1734302059423036,27.017409133911134,33.468767508292586,20.566050759529677,28.903241056040088,28.725192078973937,24.254641271653302,21.559711162343795,36.15377807617188
2021-05-06,30.881558992834748,32.24659827632528,30.76286090905576,31.49483871459961,467200,0.0,0,0.02775979161934994,1.2060043839391128,27.358669090270997,33.99854765310632,20.718790527435672,29.679730490256556,28.725192078973937,24.254641271653302,21.559711162343795,35.975730895996094
2021-05-07,31.54429764354116,32.503783620527095,31.504732242362596,31.860828399658203,238400,0.0,0,0.011620624203702912,1.2200189076728876,27.732571411132813,34.50238308919618,20.962759733069447,31.588808448706445,28.725192078973937,24.15226267726327,21.559711162343795,35.73833465576172
2021-05-10,32.07844505934717,32.26638401867128,30.61448935300356,30.950803756713867,356700,0.0,0,-0.028562491581483718,1.1851721278932297,28.04959726333618,34.79844390820184,21.300750618470524,31.771803458375807,28.725192078973937,24.447904632015145,21.559711162343795,35.99623107910156
2021-05-11,29.991316061054917,31.62342887629379,29.88250791114831,31.366247177124023,249700,0.0,0,0.013422702159068711,1.2010803403731702,28.421521186828613,35.03790916742088,21.80513320623635,31.346466610105704,28.725192078973937,24.450378076763055,21.559711162343795,34.53813171386719
2021-05-12,31.04971788117791,31.61353852663118,28.566927167452256,29.160423278808597,858900,0.0,0,-0.07032476298038526,1.1166146501160266,28.65001697540283,35.030329324374755,22.269704626430908,30.535355393989676,28.725192078973937,24.632383482978106,21.641811418916724,34.379425048828125
2021-05-13,29.32857956716644,31.133796456699145,29.269230523877447,30.931018829345703,373800,0.0,0,0.06071913063840295,1.184414520929176,28.964569664001466,35.137814671889466,22.79132465611347,30.535355393989676,28.725192078973937,24.632383482978106,21.641811418916724,34.696834564208984
2021-05-14,31.16841796913522,32.62248184346609,30.802428101715705,32.21692657470703,247800,0.0,0,0.041573404111128864,1.2336546644428539,29.312259197235107,35.394093930956316,23.2304244635139,30.594704505459173,28.725192078973937,24.888162468207952,21.641811418916724,33.15938186645508
2021-05-17,31.79158646536177,32.765909199248064,31.67288837913859,32.37519073486328,255900,0.0,0,0.004912453700052888,1.2397149358637838,29.667367458343506,35.58993708242276,23.744797834264258,30.66641818335016,28.725192078973937,24.93928578151447,21.641811418916724,33.04035568237305
2021-05-18,32.65215863666147,33.136848529150534,32.05866435144737,32.11801528930664,192700,0.0,0,-0.007943596306899892,1.2298671408776476,30.07638511657715,35.45939761883196,24.69337261432234,30.851887848301395,28.725192078973937,25.197971798275624,21.641811418916724,32.89156723022461
2021-05-19,31.36624770567584,32.78074613160922,31.16841693221533,32.73128890991211,237700,0.0,0,0.019094380990896775,1.2533506926337503,30.47650012969971,35.372727605482986,25.580272653916428,30.851887848301395,28.725192078973937,25.095841005921486,21.641811418916724,32.7130241394043
2021-05-20,32.56312974354052,33.62153390649884,32.31485124619002,33.39402389526367,262600,0.0,0,0.020247750926510655,1.2787282252817682,30.944867038726805,34.99405083151174,26.895683245941868,31.094230536975548,28.725192078973937,25.095841005921486,21.641811418916724,33.714847564697266
2021-05-21,33.61163717575827,34.78873554595914,33.17146152869378,34.39307403564453,412800,0.0,0,0.029917033763713574,1.3169839807721364,31.389494037628175,34.85467358199848,27.924314493257867,31.6778313567057,29.17525799048722,25.095841005921486,21.641811418916724,32.534481048583984
2021-05-24,34.32383882975876,34.58299967096935,33.53251190546303,34.215030670166016,246300,0.0,0,-0.005176721490320779,1.3101663214964652,31.793071269989014,34.513121740975556,29.07302079900247,31.6778313567057,29.17525799048722,25.20917057751723,22.208459412433115,31.73103904724121
2021-05-25,34.52166424013445,34.9074357987207,33.764954136741856,33.839141845703125,203800,0.0,0,-0.010986072994832896,1.2957727386531332,31.795543956756593,34.52301032165946,29.06807759185372,32.088333161299076,29.234608116868,25.119705865012772,22.208459412433115,31.909578323364254
2021-05-26,34.16557265226444,35.678985595703125,34.16557265226444,35.678985595703125,242500,0.0,0,0.05437028392709142,1.3662242703586889,31.987935543060303,35.203270821291746,28.77260026482886,33.240706848709415,29.719299170492448,24.874889618803866,22.208459412433115,32.07820510864258
2021-05-27,36.10432262307573,36.41096343389477,35.65920008264295,35.73833465576172,194400,0.0,0,0.0016634178093264396,1.3684968721415376,32.22582845687866,35.79629177345334,28.655365140303974,33.78969018305505,30.16442091152119,24.874889618803866,22.622357131895917,30.87800025939941
2021-05-28,36.05486663046901,36.13399743294081,35.00635614097185,35.58007049560547,131100,0.0,0,-0.004428414521288726,1.362436600720608,32.47707509994507,36.24581670868662,28.70833349120352,33.78969018305505,30.16442091152119,24.874889618803866,22.917998960617943,30.481237411499023
2021-06-01,35.6592035659196,36.10432614983301,35.43169730599596,35.68888092041016,277900,0.0,0,0.00305818463226859,1.366603183395372,32.742664623260495,36.63011315058967,28.85521609593132,33.78969018305505,30.940910345737656,24.90703767319096,22.917998960617943,29.588523864746094
2021-06-02,35.82736041485873,35.955948440650545,35.461368661421,35.698768615722656,289100,0.0,0,0.0002770525457087558,1.3669818042863053,33.00380277633667,36.94899513415283,29.05861041852051,34.3629073400424,32.488945300673514,25.144435390867784,22.9574181254375,30.550670623779297
2021-06-03,35.48115165398132,35.6987679603172,34.97668194870038,35.599853515625,411000,0.0,0,-0.0027708266680686044,1.3631941346482244,33.251587295532225,37.19533509431161,29.307839496752838,34.79121248129428,32.488945300673514,28.693043594118635,26.45904066559308,30.69945907592773
2021-06-04,35.52072246532855,35.84220010248939,35.15473445564344,35.78779602050781,132700,0.0,0,0.005279305567937875,1.370390853033453,33.46623516082764,37.47165630594602,29.460814015709254,34.9717376696789,32.488945300673514,28.693044180456624,26.55266166875441,29.162004470825195
2021-06-07,36.19334719913729,36.20323713412365,35.59985299300837,35.975730895996094,166800,0.0,0,0.005251367683569708,1.3775872792729325,33.67198028564453,37.74928498702383,29.59467558426523,35.087958785318314,32.488945300673514,28.693044180456624,26.55266166875441,28.49742889404297
2021-06-08,35.88670370233406,36.8362996437637,35.58995662147524,36.36149978637695,173000,0.0,0,0.010723031354000767,1.3923591908614488,33.94251508712769,37.979075511874214,29.905954662381163,35.50093614801407,32.70161340560798,28.693044180456624,26.877866782648724,27.75349998474121
2021-06-09,36.3615047127884,37.08359453094661,35.807577759695235,36.74728012084961,248400,0.0,0,0.01060958257330169,1.407131540668589,34.21156673431396,38.242658052912304,30.180475415715616,36.0301382398235,32.82526084919944,28.774650156540552,26.97148683979808,27.94196128845215
2021-06-10,36.74727577821292,36.78683928922672,35.41190823121917,35.56028366088867,232300,0.0,0,-0.03230161405299381,1.3616789207201176,34.531559753417966,37.8549238719272,31.208195634908733,36.0301382398235,32.82526084919944,28.81421656750701,26.97148683979808,27.1484375
2021-06-11,35.61963105377989,36.19334536079586,35.60974111929586,36.15377807617188,161600,0.0,0,0.016689811052772008,1.3844050846214788,34.792697715759275,37.738866066167276,31.846529365351277,36.0301382398235,32.82526084919944,28.81421656750701,27.015833027500292,28.30896759033203
2021-06-14,36.10432269088354,36.49998801053225,35.790757792994896,35.975730895996094,207700,0.0,0,-0.004924718512147264,1.3775872792729327,34.98063793182373,37.71534217293445,32.24593369071301,36.0301382398235,32.82526084919944,29.202461284615246,27.015833027500292,28.745405197143555
2021-06-15,35.82735916384828,35.88670632034323,35.26353853708147,35.73833465576172,187600,0.0,0,-0.006598788525538968,1.368496872141538,35.14879512786865,37.62019262630999,32.67739762942731,36.0301382398235,32.82526084919944,30.15700026384019,27.015833027500292,27.574954986572266
2021-06-16,35.549873100598184,36.06566412200019,35.34157397190229,35.99623107910156,120000,0.1,0,0.007216240650941064,1.3783722749009715,35.3427059173584,37.40273465583925,33.282677178877556,36.11916449329503,32.82526084919944,30.248497768674873,27.607116937004037,27.0690860748291
2021-06-17,35.91687905512603,35.91687905512603,34.38438765006009,34.53813171386719,408700,0.0,0,-0.040507000914351554,1.322538547901241,35.43304805755615,37.154317528022275,33.71177858709002,35.73399109050335,32.82526084919944,30.03582934453982,27.607116937004037,27.495603561401367
2021-06-18,34.438940707367266,35.17294824359803,33.685090834473066,34.379425048828125,539700,0.0,0,-0.0045951143609583855,1.316461332026859,35.48231811523438,37.010971149816974,33.95366508065178,35.38434268270984,33.176412527412026,29.630273736481804,27.607116937004037,29.88609504699707
2021-06-21,34.805944713702324,35.153109931347394,34.300074856017055,34.696834564208984,233000,0.0,0,0.009232542863356619,1.3286156177027486,35.4975061416626,36.98770975439674,34.007302528928456,35.38434268270984,33.94301131633116,29.630273736481804,27.607116937004037,28.40815734863281
2021-06-22,34.468696061630354,34.468696061630354,32.92132302014276,33.15938186645508,273900,0.0,0,-0.04431103635430311,1.2697432827658273,35.44472370147705,37.1716358510503,33.71781155190381,34.854081154684735,34.126005731580975,29.659948292216555,27.695808770827853,28.28912925720215
2021-06-23,32.70310784357312,33.29824930789434,32.21707274678432,33.04035568237305,312400,0.0,0,-0.0035895175779028232,1.2651855169329154,35.40478439331055,37.30830920536682,33.50125958125428,34.35853037865829,34.126005731580975,29.695805131162047,27.86334012588666,28.63629531860352
2021-06-24,33.169299398982226,33.40735824635805,32.58407534065938,32.89156723022461,289300,0.0,0,-0.0045032339717764325,1.2594880905324635,35.265413475036624,37.457841040657044,33.072985909416204,34.35853037865829,34.126005731580975,29.788539963637668,28.380712159408958,28.556943893432617
2021-06-25,33.089949072296825,34.458778935251885,32.25674877969161,32.7130241394043,1823700,0.0,0,-0.005428233004848959,1.252651295710221,35.11414794921875,37.56081774103174,32.66747815740575,34.141368434392255,34.65033363886546,29.788539963637668,28.3807124658654,28.963624954223636
2021-06-28,32.524560986228074,34.091768683889406,32.336096642815285,33.714847564697266,427700,0.0,0,0.03062460447018789,1.291013246180415,35.02088680267334,37.531469398358844,32.51030420698783,34.141368434392255,34.65033363886546,29.909711307974742,28.3807124658654,27.38649559020996
2021-06-29,33.84379525755723,34.00944319976002,32.39561496336213,32.534481048583984,250700,0.0,0,-0.035010287792291206,1.2458145008879784,34.86316680908203,37.5765026889412,32.149830929222865,34.06697590095517,34.65033363886546,30.42654467359646,28.830778377378685,27.73365974426269
2021-06-30,32.29642645658612,32.72294588676683,31.6219288975926,31.73103904724121,301100,0.0,0,-0.024695091959296533,1.2150489972243246,34.66478033065796,37.67233559119449,31.65722507012143,33.39743857059531,34.352761714269604,30.42654467359646,29.05743752057017,27.426170349121094
2021-07-01,31.99884991433657,32.60391249939146,31.691361821733945,31.909578323364254,325000,0.0,0,0.005626644493337718,1.2218856459736924,34.48026657104492,37.68429184576304,31.276241296326802,33.38751941447,34.352761714269604,30.66147063908354,29.17031231983337,26.761594772338867
2021-07-02,32.04844917200827,32.73286220131622,31.572333374865945,32.07820510864258,173200,0.0,0,0.005284519386921982,1.2283427243584422,34.29478702545166,37.603503375701095,30.986070675202228,33.02051471824815,34.32796395290628,31.48000300960093,29.556087218324585,27.634471893310547
2021-07-06,32.06828884800736,32.19723376715211,30.63994329844125,30.87800025939941,275200,0.0,0,-0.037414962750512704,1.1823843270817078,34.03990049362183,37.57176072297789,30.508040264265766,32.54936111684657,33.86176891469393,31.97705554728812,29.922076137420405,28.43791389465332
2021-07-07,30.49115668762194,31.215246817418667,30.178706111429698,30.481237411499023,591900,0.0,0,-0.0128493699257487,1.1671914334686275,33.74588737487793,37.43306179850792,30.05871295124794,32.31874252334079,33.63115032118816,31.97705554728812,29.922076137420405,29.22151756286621
2021-07-08,29.76706705411844,30.649861832783344,28.73548502303758,29.588523864746094,544200,0.0,0,-0.029287313198648413,1.1330075323938524,33.387949562072755,37.228567767817246,29.547331356328264,31.597131979144734,32.9095397769921,32.36530026439635,29.922076137420405,29.00329971313477
2021-07-09,29.95552918833447,30.679619322191893,29.64803730252503,30.550670623779297,315500,0.0,0,0.03251756537201156,1.169850178895451,33.13746891021729,37.032357260020405,29.24258056041417,31.41362685346349,32.9095397769921,33.42592632035796,29.922076137420405,27.574954986572266
2021-07-12,30.46140022214354,31.026787634995312,30.054719342450756,30.69945907592773,316800,0.0,0,0.004870218856427355,1.1755476052959024,32.86475296020508,36.63723895673972,29.09226696367044,31.3724641113988,32.9095397769921,33.6400788909839,29.922076137420405,27.574954986572266
2021-07-13,30.31261403461129,30.481237947851078,28.97850258909348,29.162004470825195,289700,0.0,0,-0.05008083697175292,1.1166751973225437,32.524066638946536,36.342123768112074,28.706009509780994,30.734173612176903,32.9095397769921,33.73034148517621,29.922076137420405,28.0014762878418
2021-07-14,29.13224935153921,29.65696640661578,28.39823802019275,28.49742889404297,249100,0.0,0,-0.02278909110816074,1.091227184512537,32.1620213508606,36.06546226232548,28.258580439395715,30.565550110754486,32.74091627556968,33.788452042995914,29.922076137420405,28.07090950012207
2021-07-15,28.358562608295887,28.75532420902496,27.674147664595395,27.75349998474121,375000,0.0,0,-0.026105123801441144,1.062740563765339,31.749884796142577,35.68779425200132,27.811975340283837,30.20350493295581,32.378871097771004,34.101274776811024,30.13474424235487,27.88245010375977
2021-07-16,28.080827369934894,28.95370474701964,27.783256654783735,27.94196128845215,255900,0.0,0,0.006790541870919098,1.0699571480615118,31.420076274871825,35.47312346498476,27.36702908475889,29.935690715873754,32.23049347691106,34.42769954451147,30.322687482980957,26.692161560058597
2021-07-19,27.06908518497832,27.92212209848431,26.83102634800484,27.1484375,280700,0.0,0,-0.02839900106726212,1.039571433871788,31.05852689743042,35.27956971018156,26.837484084679275,29.023136582711754,31.665507179268545,34.42769954451147,30.322687482980957,27.75349998474121
2021-07-20,27.25754700310013,28.85451454468351,26.850866133439897,28.30896759033203,358400,0.0,0,0.042747583183453175,1.084010600216364,30.73913354873657,34.77110770203913,26.70715939543401,28.928906991500078,31.665507179268545,34.42769954451147,30.322687482980957,27.317062377929688
2021-07-21,28.566862002194693,29.409981593948437,28.313927070622853,28.745405197143555,224600,0.0,0,0.015416938304757322,1.1007227247616027,30.518434715270995,34.47813153816088,26.55873789238111,28.928906991500078,31.448345235002517,34.42769954451147,30.322687482980957,26.741756439208984
2021-07-22,28.27920843719085,28.467670894667425,27.356736593431464,27.574954986572266,188100,0.0,0,-0.040717819162542135,1.0559036959066592,30.245164680480958,34.2254994485993,26.264829912362615,28.928906991500078,31.448345235002517,34.42769954451147,30.322687482980957,27.36665725708008
2021-07-23,27.63447157443325,27.77333765730908,26.483862022840267,27.0690860748291,361100,0.0,0,-0.018345230735263174,1.0365328989710343,29.954040622711183,33.96949811474012,25.938583130682247,28.48254998534567,31.20037053898315,34.472212671247235,30.322687482980957,27.66422843933105
2021-07-26,27.426170520060037,27.991556018877706,26.781432703722487,27.495603561401367,503500,0.0,0,0.015756626780572214,1.0528651610059054,29.693169593811035,33.634191712994465,25.752147474627606,28.070414214728025,30.82840513321915,34.279625969851395,30.322687482980957,26.30531883239746
2021-07-27,30.352291580199388,30.501076943003063,28.105625601802338,29.88609504699707,653100,0.0,0,0.08694086239123333,1.1444021660854435,29.501731967926027,32.983224687544606,26.020239248307444,28.492469482921663,30.81848597709383,34.280377605060934,30.322687482980957,26.682241439819336
2021-07-28,30.312614940781348,30.312614940781348,28.30896836651007,28.40815734863281,408000,0.0,0,-0.04945235220727717,1.0878087871014153,29.295415782928465,32.50957358709858,26.081257978758348,28.492469482921663,30.476279042235312,34.663676999520504,30.322687482980957,26.33507537841797
2021-07-29,28.755323896503494,29.355425929328412,28.24945215160619,28.28912925720215,583600,0.0,0,-0.004189926504908903,1.0832509482320662,29.123320293426513,32.15916366729087,26.087476919562153,28.492469482921663,30.471320479046078,34.490043443132855,30.322687482980957,26.632648468017575
2021-07-30,28.269289672866925,28.98346052035757,28.269289672866925,28.63629531860352,234000,0.0,0,0.012272066002631865,1.0965446753661836,28.959656143188475,31.713987653241286,26.205324633135664,28.492469482921663,30.471320479046078,34.24226805511963,30.322687482980957,26.206127166748047
2021-08-02,28.80492012637215,29.548848825190746,28.517266788046204,28.556943893432617,253900,0.0,0,-0.002771008759619553,1.0935061404654298,28.783593082427977,31.134639542621663,26.43254662223429,28.492469482921663,30.471320479046078,34.24226805511963,30.322687482980957,26.12677574157715
2021-08-03,28.715648719656336,29.310790169091025,28.38832016570385,28.963624954223636,278900,0.0,0,0.014241056826971743,1.1090788235524405,28.68787431716919,30.83496786068156,26.54078077365682,28.492469482921663,30.287815353364834,34.395851036628855,30.322687482980957,26.47394371032715
2021-08-04,28.408156452345537,29.102490656749627,27.24762761418404,27.38649559020996,168500,0.0,0,-0.05445207105485905,1.0486871846469235,28.533137226104735,30.58383013447334,26.482444317736128,28.492469482921663,30.246652611300142,34.395851036628855,30.322687482980957,26.01766586303711
2021-08-05,27.842769887290046,28.219694803979937,27.505522074213168,27.73365974426269,226600,0.0,0,0.012676472347810552,1.0619808387446035,28.440394020080568,30.458954129192453,26.421833910968683,28.641254823362775,29.608362112078247,34.358654769910316,30.322687482980957,26.35491371154785
2021-08-06,27.951880631856483,28.249451347724225,27.376575860445964,27.426170349121094,135700,0.0,0,-0.01108722750538571,1.0502064155790818,28.284169006347657,30.096203638795618,26.472134373899696,28.874352278593552,29.608362112078247,33.87510014243246,30.322687482980957,25.65066337585449
2021-08-09,27.237708688505823,27.38649594272796,26.68224245297771,26.761594772338867,240900,0.0,0,-0.02423143910806791,1.024758402769075,28.087275791168214,29.64160154400909,26.532950038327336,28.49742869687953,29.608362112078247,33.870140564369805,30.322687482980957,26.04896354675293
2021-08-10,26.66240362623748,27.87252884894829,26.62272841291877,27.634471893310547,218400,0.0,0,0.032616782684188106,1.0581827248959896,28.010899162292482,29.4942256440392,26.527572680545763,28.08578861905476,29.34054789499619,33.67423933557721,30.421603638114192,26.28794479370117
2021-08-11,27.634471445895493,28.477589107329663,27.565038404780537,28.43791389465332,276000,0.0,0,0.029073904666774508,1.0889482285596432,28.007923412323,29.487527644166974,26.528319180479023,28.08578861905476,28.849554420129465,33.20556501577025,30.500736460047108,26.81569480895996
2021-08-12,28.606537581873,29.429818576492494,28.051071365383677,29.22151756286621,292500,0.0,0,0.027554892778552942,1.1189540802389994,28.081324291229247,29.64725559624988,26.515392986208614,28.08578861905476,28.75532482891779,32.97494642226447,30.500736460047108,26.52692604064941
2021-08-13,29.102490583787887,30.005123912105148,28.95370522376245,29.00329971313477,321400,0.0,0,-0.007467711054430226,1.1105980544845988,28.134391212463377,29.74953674266806,26.519245682258695,28.31392616251196,28.75532482891779,32.25333587806841,31.277225894263577,26.56675720214844
2021-08-16,28.62637552457136,28.96362333609433,27.54519905090804,27.574954986572266,212400,0.0,0,-0.04924766287594673,1.055903695906659,28.15571708679199,29.728480791204998,26.582953382378985,28.31392616251196,28.75532482891779,32.161583315227794,32.82526084919944,27.383275985717773
2021-08-17,27.38649442100411,27.9915551130472,27.08892182100292,27.574954986572266,381100,0.0,0,0.0,1.055903695906659,28.119016456604005,29.710112235538073,26.527920677669936,28.31392616251196,28.492469482921663,32.14100194419545,32.82526084919944,27.6820011138916
2021-08-18,27.34681917211499,28.78508210655304,27.34681917211499,28.0014762878418,247300,0.0,0,0.015467706165875228,1.0722361040144048,28.081820011138916,29.64689273718823,26.5167472850896,28.31392616251196,28.492469482921663,31.8218566945845,32.82526084919944,27.4031925201416
2021-08-19,27.62455340503404,28.497428933939126,27.475768040004706,28.07090950012207,349100,0.0,0,0.002479626844189564,1.0748948494412283,28.106617736816407,29.65421107395287,26.559024399679945,28.31392616251196,28.492469482921663,31.653233193162084,32.74091627556968,28.72754669189453
2021-08-20,27.981639090049104,28.765244946713658,27.718784870946795,27.88245010375977,402800,0.0,0,-0.006713690426079055,1.067678338181493,28.14728593826294,29.624061498502844,26.670510378023035,28.31392616251196,28.492469482921663,31.291188015363407,32.378871097771004,27.99068832397461
2021-08-23,28.100666638715385,28.299048381814067,26.52353764599727,26.692161560058597,255100,0.0,0,-0.04268952474663157,1.0220996573422516,28.1071138381958,29.69348886328907,26.520738813102533,28.264330779051207,28.492469482921663,31.083092096392406,32.378871097771004,28.36907386779785
2021-08-24,26.751675760457456,27.882448687421,26.444185756380996,27.75349998474121,252900,0.0,0,0.03976217595920639,1.0627405637653389,28.00048408508301,29.36283739185273,26.63813077831329,28.224654834243072,28.47263134969203,30.34432188099015,31.957310439475727,27.4231071472168
2021-08-25,27.813014837439734,28.29904802073057,27.237708168175928,27.317062377929688,158900,0.0,0,-0.01572549793905187,1.0460284392201002,27.945929336547852,29.326075565387562,26.565783107708143,28.224654834243072,28.47263134969203,30.29720708538431,31.957310439475727,27.98073005676269
2021-08-26,27.25754746524808,27.664228341803533,26.65248673461428,26.741756439208984,218900,0.0,0,-0.021060315006108055,1.0239987507847774,27.868560695648192,29.33483625675077,26.402285134545615,27.703904546237663,28.47263134969203,30.188626113251296,31.957310439475727,27.482852935791016
2021-08-27,26.731838705272047,27.58487566128696,26.66240377074809,27.36665725708008,341900,0.0,0,0.02336797956004344,1.047927532662626,27.805078792572022,29.24223810791662,26.367919477227424,27.61463393146702,28.47263134969203,30.188626113251296,31.957310439475727,27.80149269104004
2021-08-30,27.317063220492905,27.93204322978496,27.27738611439223,27.66422843933105,251400,0.0,0,0.010873493954910662,1.0593221663542176,27.760443019866944,29.155822361788605,26.365063677945283,27.61463393146702,28.47263134969203,29.84146026216441,31.78372827689344,27.4231071472168
2021-08-31,27.594794466729137,27.78325693054664,26.156533473345117,26.30531883239746,309300,0.0,0,-0.049121543726178496,1.0072866262395388,27.627527713775635,29.04564558326025,26.20940984429102,27.460889210029386,28.32880520817409,29.449409673973587,31.78372827689344,28.080305099487305
2021-09-01,26.493778979027045,27.257546206319823,26.384670726491255,26.682241439819336,270100,0.0,0,0.014328760271768992,1.0217197948318841,27.592315006256104,29.067092083115156,26.117537929397052,27.460889210029386,28.234574207063233,29.655477730007746,31.78372827689344,27.83136749267578
2021-09-02,27.01949031618532,27.01949031618532,26.097018420044225,26.33507537841797,182000,0.0,0,-0.013011128101227398,1.0084260676977668,27.522385787963866,29.09424602080497,25.950525555122763,27.19803340092915,28.051071166074685,29.484374262578488,31.78372827689344,27.50276756286621
2021-09-03,26.543376870554383,26.652487021211304,26.0970188832384,26.632648468017575,184300,0.0,0,0.01129949640635819,1.0198207744257957,27.482709693908692,29.10214382223984,25.863275565577545,27.198033220387398,28.051071166074685,29.48189498098387,31.78372827689344,27.16421127319336
2021-09-07,26.384670348953502,26.75167409734612,26.13669412742557,26.206127166748047,187500,0.0,0,-0.016014978825020898,1.00348836631805,27.45493631362915,29.14129584905311,25.76857677820519,27.198033220387398,28.051071166074685,29.48189498098387,31.78372827689344,26.726078033447266
2021-09-08,26.12677574157715,26.404509800236827,25.839122406689427,26.12677574157715,186900,0.0,0,-0.0030279722244339613,1.0004498314172965,27.379551506042482,29.16027476735551,25.598828244729454,26.885582818237193,27.922123159397287,29.48189498098387,31.78372827689344,27.50276756286621
2021-09-09,25.92839485134065,26.87070531292097,25.92839485134065,26.47394371032715,165400,0.0,0,0.013287822890351242,1.0137436315878512,27.281352996826172,29.033872137287375,25.52883385636497,26.885582818237193,27.922123159397287,29.39014241814325,31.78372827689344,27.363361358642575
2021-09-10,26.85086615569211,26.94013775075576,25.928394267973463,26.01766586303711,180500,0.0,0,-0.01723497837279342,0.9962717820218775,27.121160411834715,28.711550608025895,25.530770215643535,26.885582818237193,27.922123159397287,29.369561047110903,31.78372827689344,28.15996551513672
2021-09-13,26.09701820248248,26.46402385935857,25.72505385339159,26.35491371154785,196600,0.0,0,0.01296226380514276,1.0091857196820648,26.98874111175537,28.352889269943994,25.624592953566747,26.754155391969114,27.865088882748367,29.124808467720513,31.78372827689344,28.388988494873047
2021-09-14,26.4441866027088,26.751676616626263,25.48203945365937,25.65066337585449,219200,0.0,0,-0.026721784916517666,0.9822184759398996,26.89252653121948,28.347172416575134,25.437880645863828,26.3697928299896,27.743581682882258,29.2413571953359,31.78372827689344,29.086017608642575
2021-09-15,25.590916931582427,26.17841282443355,25.451509871060768,26.04896354675293,227200,0.1,0,0.015527870178724923,0.9974702369214394,26.816226959228516,28.279842202065993,25.35261171639104,26.235500093623045,27.728316891582956,29.05289540447889,31.78372827689344,29.35487174987793
2021-09-16,26.12862406580169,26.49705443610229,25.889642973952483,26.28794479370117,188600,0.0,0,0.009174309239571521,1.0066213373322255,26.730550384521486,28.103457771048088,25.357642997994883,26.195823810908266,27.728316891582956,28.713168257025476,31.78372827689344,30.171390533447266
2021-09-17,26.37756187530378,27.094505121897956,26.068878214871223,26.81569480895996,990200,0.0,0,0.020075742679787068,1.0268300082764903,26.667789649963378,27.89545667287138,25.440122627055377,26.273007496479362,27.728316891582956,28.467671519592113,31.78372827689344,30.90825080871582
2021-09-20,26.21824236594596,26.576714955442164,25.81994054386845,26.52692604064941,244300,0.0,0,-0.010768647628480066,1.0157724377430115,26.60001344680786,27.69285026686684,25.50717662674888,26.273007496479362,27.728316891582956,28.420556723986273,31.78372827689344,24.137113571166992
2021-09-21,26.65637534962256,26.83063180345951,26.08979022364283,26.56675720214844,222100,0.0,0,0.001501537020836663,1.0172976576630282,26.593743228912352,27.685823858641317,25.501662599183387,26.273007496479362,27.207566603577547,28.534625495714877,31.78372827689344,23.10152816772461
2021-09-22,26.825653442890324,27.557532436834823,26.6663327163682,27.383275985717773,166000,0.0,0,0.03073460480541068,1.0485638991407713,26.57523202896118,27.597650534861806,25.552813523060557,26.504521153947795,27.118295988806906,28.534625495714877,31.78372827689344,23.01190948486328
2021-09-23,27.602340752815405,28.593118274250127,27.532638174280336,27.6820011138916,175600,0.0,0,0.010909035439354842,1.0600027198769262,26.593478965759278,27.679938998006882,25.507018933511674,27.022314072655448,27.118295988806906,28.403197822716812,31.78372827689344,23.290719985961918
2021-09-24,27.323532154064274,27.75170733394976,27.213998438488098,27.4031925201416,133200,0.0,0,-0.01007183666393563,1.0493265456189982,26.62655076980591,27.768518307054496,25.484583232557323,27.022314072655448,27.108377408887215,28.403197822716812,31.78372827689344,25.202571868896484
2021-09-27,27.64217303977656,29.190573153543617,27.408169888399325,28.72754669189453,168600,0.0,0,0.0483284628526226,1.1000388845992168,26.69459524154663,28.132342645331356,25.256847837761903,27.321041512302195,27.321041512302195,28.403197822716812,31.78372827689344,25.48138236999512
2021-09-28,28.727547182154552,29.01133735391125,27.980730540846825,27.99068832397461,141500,0.0,0,-0.025649888444105318,1.071823009925069,26.71091823577881,28.19940518651409,25.22243128504353,27.505256848706033,27.321041512302195,28.403197822716812,31.78372827689344,26.467180252075195
2021-09-29,28.19979535742021,28.87690939893077,27.801493538664847,28.36907386779785,158200,0.0,0,0.013518265054566214,1.0863121974648189,26.814105987548828,28.45580932957606,25.172402645521597,27.505256848706033,27.321041512302195,28.378400130986435,31.635350656033495,25.09303855895996
2021-09-30,28.408904855879424,28.408904855879424,27.31357343539221,27.4231071472168,141100,0.0,0,-0.03334499832420801,1.0500891190607877,26.8511492729187,28.51280921164791,25.189489334189492,27.505256848706033,27.321041512302195,28.348643091967553,31.472086883456623,25.49134063720703
2021-10-01,27.48285230450447,28.438776677198867,27.462936738593445,27.98073005676269,160500,0.0,0,0.020334052831882943,1.0714416866859553,26.933432006835936,28.647453628173594,25.21941038549828,27.640181688593223,27.321041512302195,28.348643091967553,31.472086883456623,26.81569480895996
2021-10-04,27.87119698371184,28.189838448595896,27.353403653648776,27.482852935791016,146800,0.0,0,-0.017793571503018857,1.0523769124225937,26.97594223022461,28.700269308193633,25.25161515225559,27.928452934955907,27.321041512302195,28.088267947964844,31.254924939190595,26.277986526489254
2021-10-05,27.55255382450109,28.110176353757545,27.261793410711867,27.80149269104004,182700,0.0,0,0.011594129473874837,1.0645783066005379,27.05571050643921,28.777788228096803,25.333632784781614,28.202285796015857,27.321041512302195,28.043632640579524,31.254924939190595,26.01909065246582
2021-10-06,27.4231071472168,27.76166226701002,26.96505863352089,27.4231071472168,138400,0.0,0,-0.013610259996765794,1.050089119060788,27.120527076721192,28.794259807763005,25.44679434567938,28.077815893532254,27.321041512302195,28.043632640579524,31.180532405753514,26.427350997924805
2021-10-07,27.5923832463542,28.11017654815675,27.54259623240323,28.080305099487305,147400,0.0,0,0.02396511630656728,1.0752546269313406,27.200845146179198,28.89702234608295,25.504667946275447,28.077815893532254,27.321041512302195,27.894847209101737,30.664740858471575,26.158496856689453
2021-10-08,28.150008954611124,28.17988040463448,27.74174934409985,27.83136749267578,92200,0.0,0,-0.008865203064195692,1.0657222763178782,27.291530227661134,28.916675222895112,25.666385232427157,27.98819799371607,27.321041512302195,27.84773170854631,30.654821702346254,25.640703201293945
2021-10-11,27.871196031835726,28.090261556648603,27.50276756286621,27.50276756286621,69800,0.0,0,-0.01180681940605488,1.0531394858643832,27.34892292022705,28.917179102939073,25.780666737515027,27.92098401622583,27.321041512302195,27.624552283501917,30.282857240837288,25.12291145324707
2021-10-12,27.632215683928848,27.85128121462894,27.114422357634524,27.16421127319336,129000,0.0,0,-0.012309898954677045,1.0401754452082121,27.424600315093993,28.788431335236176,26.06076929495181,27.70191765535988,27.321041512302195,27.62455219323104,30.277898677648054,24.973546981811523
2021-10-13,27.12437985749396,27.224950996843763,26.347689876163223,26.726078033447266,125100,0.0,0,-0.01612906170327355,1.023398391270219,27.45845603942871,28.712025502959747,26.204886575897675,27.393233276681045,27.321041512302195,27.62455219323104,30.277898677648054,25.541128158569336
2021-10-14,27.144294977487977,27.70191752199077,26.785822392109743,27.50276756286621,131900,0.0,0,0.029061111340277,1.0531394858643832,27.519197177886962,28.65052153069254,26.387872825081384,27.26876416237956,27.321041512302195,27.403852988817242,30.148950670970656,25.15278434753418
2021-10-15,28.130093568362,28.130093568362,27.333489908428145,27.363361358642575,105700,0.0,0,-0.005068806399391668,1.0478013256989818,27.546580505371093,28.633643511618352,26.459517499123834,27.263785140398852,27.321041512302195,27.403852988817242,29.965445545289416,25.32206344604492
2021-10-18,27.363359995630116,28.448733615258888,27.293657416264512,28.15996551513672,147700,0.0,0,0.02911207238223823,1.0783049937349356,27.62823247909546,28.638481174849293,26.617983783341625,27.398211745711055,27.321041512302195,27.403852988817242,29.924282803224724,25.053207397460938
2021-10-19,28.209752207546323,28.71758772188777,28.140049628975444,28.388988494873047,134100,0.0,0,0.008132928274120932,1.0870747709066082,27.719344043731688,28.655419815567896,26.78326827189548,27.5326387990255,27.321041512302195,27.30962213735874,29.228958027353904,24.81422615051269
2021-10-20,28.349158757298905,29.22442946335765,28.349158757298905,29.086017608642575,133700,0.0,0,0.024552798487181393,1.113765498697177,27.80448112487793,28.900720308329134,26.708241941426728,27.786059669760437,27.337969667209208,27.05668725643593,29.107450827487796,23.957876205444336
2021-10-21,29.205508804394224,29.81292026851459,29.08601730845552,29.35487174987793,140500,0.0,0,0.009243415336291028,1.1240604957888662,27.888124656677245,29.175144854074567,26.601104459279924,28.080305072338906,27.81643040619152,26.981908492603,29.092186036188494,23.99770736694336
2021-10-22,29.5141920631605,30.3107975932904,29.105932464929413,30.171390533447266,232000,0.0,0,0.027815443737127854,1.1553267372666094,28.02653455734253,29.634477712563395,26.418591402121663,28.32924373472681,28.065369068579425,26.96207035124561,28.82437181910644,22.105772018432617
2021-10-25,30.39045750668126,31.555491486632597,29.71334348082881,30.90825080871582,312900,0.0,0,0.024422483095424052,1.1835426849771946,28.135569763183593,30.164630154023527,26.10650937234366,28.95159068139791,28.687716015250523,27.000662194031158,28.33337834423972,21.79708671569824
2021-10-26,29.822878576630483,29.92245260920453,23.898132474334005,24.137113571166992,1351200,0.0,0,-0.21907215906373567,0.9242614336351498,27.94289102554321,30.62528749881737,25.26049455226905,27.7268119804833,27.7268119804833,27.000662194031158,28.23914875302804,22.753013610839844
2021-10-27,23.659150711299887,24.007665513254263,22.169500206992627,23.10152816772461,663000,0.0,0,-0.04290427686761367,0.8846066651884098,27.67951374053955,31.087899918608258,24.271127562470845,26.862495846812614,26.862495846812614,26.740287050028456,28.23914875302804,22.71318244934082
2021-10-28,23.3504664960945,23.718894955858996,22.79284206627083,23.01190948486328,393600,0.0,0,-0.003879340025069622,0.8811749751457011,27.458953857421875,31.43539618640631,23.48251152843744,26.862495846812614,26.862495846812614,26.81140857137735,28.23914875302804,23.74876976013184
2021-10-29,22.93224930593866,23.669108130587315,22.93224930593866,23.290719985961918,254700,0.0,0,0.012115922030808912,0.8918512224400664,27.224453353881835,31.588803534430433,22.860103173333236,26.862495846812614,26.862495846812614,27.070305030731177,27.976293407031918,23.76868438720703
2021-11-01,23.320594529707645,25.322063367866186,23.300678963337205,25.202571868896484,302600,0.0,0,0.08208642257890286,0.9650600987627929,27.11043930053711,31.56106147262303,22.659817128451188,26.862495846812614,26.862495846812614,27.06534574077133,27.976293407031918,24.495586395263672
2021-11-02,25.272272735811104,25.551084948305515,24.78435278838549,25.48138236999512,260600,0.0,0,0.011062779725379057,0.9757363460571582,26.994433784484862,31.488167036574463,22.50070053239526,26.862495846812614,26.862495846812614,27.321041512302195,27.976293407031918,24.276517868041992
2021-11-03,25.27227293128849,26.576713961268943,25.152783338761523,26.467180252075195,252100,0.0,0,0.038686985963558795,1.0134846443812056,26.946637439727784,31.4414626816163,22.451812197839267,26.862495846812614,26.862495846812614,27.413149180504114,27.976293407031918,24.24664688110352
2021-11-04,26.16845438867237,26.586671761296795,24.784352996348307,25.09303855895996,317500,0.0,0,-0.05191870384483033,0.9608658352782946,26.797274112701416,31.33027239792645,22.264275827476382,26.862495846812614,26.862495846812614,27.413149180504114,27.976293407031918,23.519744873046875
2021-11-05,25.44155172371517,26.078836521641023,25.242401767506287,25.49134063720703,214600,0.0,0,0.015873011046916297,0.9761176692962714,26.680272769927978,31.221344463578333,22.139201076277622,26.04597640809858,26.862495846812614,27.413149180504114,27.976293407031918,23.459999084472656
2021-11-08,26.566755944263715,27.303614755854262,26.355655893359454,26.81569480895996,301100,0.0,0,0.051953100097839044,1.0268300082764898,26.645919132232667,31.17178778101853,22.120050483446803,24.736557481423446,26.862495846812614,27.48061160044771,27.976293407031918,23.71999931335449
2021-11-09,26.2381572948749,26.98497390535946,25.983243375232725,26.277986526489254,234200,0.0,0,-0.020051998887272604,1.0062400140931116,26.601607894897462,31.123621260904002,22.079594528890922,25.048228411062546,26.862495846812614,27.62474722362905,27.976293407031918,23.549999237060547
2021-11-10,26.188369165212947,26.88539878223122,25.849812139718694,26.01909065246582,183600,0.0,0,-0.00985219601062115,0.996326340240536,26.56625852584839,31.094947914828168,22.037569136868612,25.117932030896462,26.862495846812614,27.761663654159026,27.976293407031918,24.049999237060547
2021-11-11,26.048962856996283,26.52692502519279,26.048962856996283,26.427350997924805,131500,0.0,0,0.015690799917340348,1.0119594974976263,26.51248769760132,31.020692102996826,22.004283292205812,25.302146859595734,26.862495846812614,27.699428702917224,27.976293407031918,23.450000762939453
2021-11-12,26.487096088381566,26.64641681288363,26.00415407390496,26.158496856689453,77400,0.0,0,-0.010173329186737745,1.0016645004059372,26.45224447250366,30.94537088655728,21.95911805845004,26.043983772119876,26.862495846812614,27.699428702917224,27.976293407031918,24.21999931335449
2021-11-15,26.28794387312653,26.28794387312653,25.51125582662856,25.640703201293945,117100,0.0,0,-0.01979447283352187,0.9818370796643486,26.326281356811524,30.761091134707193,21.891471578915855,26.043983876101287,26.862495846812614,27.654619753009133,27.882062405921058,24.530000686645508
2021-11-16,25.3618925514634,25.62178632380462,25.06814459546257,25.12291145324707,147000,0.0,0,-0.020194132118059316,0.9620097319591973,26.162977504730225,30.52098392455898,21.80497108490147,26.043983876101287,26.862495846812614,27.621012764264012,27.728316891582956,24.489999771118164
2021-11-17,25.28223064411612,25.28223064411612,24.72958605725844,24.973546981811523,142900,0.0,0,-0.005945348798984118,0.9562902485546826,25.95735397338867,30.126256823560368,21.788451123216973,26.01660040655635,26.862495846812614,27.511479583831036,27.728316891582956,24.81999969482422
2021-11-18,24.873971898554725,25.57100150725759,24.714651170723137,25.541128158569336,209400,0.0,0,0.02272729529254236,0.9780241394189636,25.76666679382324,29.63109969330872,21.902233894337762,26.0091329632887,26.862495846812614,27.35713739449162,27.728316891582956,24.76000022888184
2021-11-19,25.292189510824212,25.381807658440067,24.644948810795324,25.15278434753418,168900,0.0,0,-0.015204645958634466,0.9631536286401001,25.515736484527586,28.807030793111515,22.224442175943658,25.81496135807739,26.862495846812614,27.294902837340878,27.728316891582956,24.790000915527344
2021-11-22,25.391766029303717,26.248116393347058,24.933719396887103,25.32206344604492,298900,0.0,0,0.006730034185155054,0.9696356854864041,25.236427116394044,27.391704549585803,23.081149683202284,25.765173796513274,26.862495846812614,27.292413326350523,27.728316891582956,24.440000534057617
2021-11-23,25.08308074520157,26.00913363338024,24.983504818652275,25.053207397460938,162800,0.0,0,-0.010617462086249252,0.9593406153582779,25.28223180770874,27.37965404522387,23.18480957019361,25.645682811839478,26.862495846812614,27.359626629006627,27.728316891582956,24.649999618530277
2021-11-24,24.64494764626521,25.27227275068072,24.03753620762666,24.81422615051269,191200,0.0,0,-0.009538948173656414,0.9501895149474916,25.367866706848144,27.2259047440476,23.509828669648687,25.341976510255144,26.862495846812614,27.426840155663847,27.728316891582956,25.149999618530277
2021-11-26,23.918046974041296,24.33626434966389,23.45004068509884,23.957876205444336,192400,0.0,0,-0.03451044331884845,0.9173980535497321,25.4151650428772,27.065306459791145,23.765023625963252,24.868992279112685,26.862495846812614,27.56201466848482,27.728316891582956,25.36000061035156
2021-11-29,24.256604018780845,24.625032481557103,23.838386642620733,23.99770736694336,348900,0.0,0,0.0016625497668265599,0.9189232734697483,25.45051441192627,26.93766435059817,23.963364473254373,24.84907853922295,26.862495846812614,27.948367739265215,27.728316891582956,24.290000915527344
2021-11-30,23.400253359468017,23.455020213764247,22.046025323244287,22.105772018432617,414400,0.0,0,-0.07883817064612042,0.8464770436252488,25.295674419403078,27.38473839981341,23.206610438992744,24.14707085829567,26.800758404938442,28.197306401653115,27.881153732175584,24.420000076293945
2021-12-01,22.72313961029669,23.10152775395661,21.757257484354103,21.79708671569824,308500,0.0,0,-0.013964013673758435,0.8346568266135432,25.11145963668823,27.698893030589133,22.52402624278733,24.00268693885058,25.839855046779316,28.819653348324216,28.503500678846684,23.739999771118164
2021-12-02,22.026112549871826,22.862545424617405,22.026112549871826,22.753013610839844,219400,0.0,0,0.04385571831730828,0.8712613012931252,24.925751304626466,27.62914974429946,22.22235286495347,24.00268693885058,24.530436120104184,27.7268119804833,27.7268119804833,23.479999542236328
2021-12-03,22.9023765263493,23.151315401635703,22.563819504019555,22.71318244934082,267100,0.0,0,-0.0017505883915107656,0.8697360813731089,24.80675849914551,27.676472481069215,21.937044517221803,24.00268693885058,24.530436120104184,26.862495846812614,26.862495846812614,23.07999992370605
2021-12-06,23.24093421214,24.027580092889984,22.762972013766365,23.74876976013184,367700,0.0,0,0.045594108756039864,0.9093909228562863,24.719629955291747,27.6068643654969,21.832395545086595,23.883195558867172,24.530436120104184,26.862495846812614,26.862495846812614,22.8700008392334
2021-12-07,24.007665476949327,24.196857652628932,23.40025402015461,23.76868438720703,255200,0.0,0,0.0008385540504343147,0.9101534962980756,24.567279434204103,27.31260015514624,21.821958713261967,23.514765117517413,24.530436120104184,26.862495846812614,26.862495846812614,22.899999618530277
2021-12-08,23.87821713156164,24.545373412016588,23.629278249291183,24.495586395263672,181600,0.0,0,0.03058234087402334,0.9379881207695475,24.478159427642822,27.107607375637617,21.848711479648028,23.191144982955603,24.530436120104184,26.862495846812614,26.862495846812614,22.959999084472656
2021-12-09,24.38605157906002,24.804268958375484,24.20681528803156,24.276517868041992,162400,0.0,0,-0.00894318362854285,0.9295995207641137,24.39103078842163,26.923110315122916,21.858951261720346,23.280763221364793,24.530436120104184,26.862495846812614,26.862495846812614,22.01000022888184
2021-12-10,24.29643389655893,24.51550132276973,23.87821650927357,24.24664688110352,213600,0.0,0,-0.0012304477561749794,0.9284556971196481,24.281995582580567,26.633413780475298,21.930577384685837,23.280763221364793,24.530436120104184,26.862495846812614,26.862495846812614,21.649999618530277
2021-12-13,24.097282965649065,24.189886734699037,23.360422251645364,23.519744873046875,249500,0.0,0,-0.0299794858901975,0.9006210726481761,24.150057983398437,26.35557185069447,21.944544116102403,23.280763221364793,24.530436120104184,26.862495846812614,26.862495846812614,21.46999931335449
2021-12-14,23.20110242616212,24.057452765246754,23.15131541078632,23.459999084472656,349500,0.0,0,-0.0025402396538189986,0.8983332792863703,24.041022777557373,26.153657451212002,21.928388103902744,23.415190754123657,24.530436120104184,26.454236127455594,26.862495846812614,21.31999969482422
2021-12-15,23.31999969482422,23.76000022888184,22.690000534057617,23.71999931335449,367000,0.1,0,0.011082704135905841,0.9082892412361392,23.970877170562744,26.02696706786455,21.914787273260938,23.684044231197518,24.371115694856783,25.79952666411803,26.862495846812614,22.530000686645508
2021-12-16,23.940000534057617,24.21999931335449,23.440000534057617,23.549999237060547,362900,0.0,0,-0.007166951147348111,0.9017795766165378,23.899699783325197,25.909566418949964,21.88983314770043,23.747134746216553,24.32132813329266,25.95536212893758,26.862495846812614,22.239999771118164
2021-12-17,23.549999237060547,24.18000030517578,23.1299991607666,24.049999237060547,856000,0.0,0,0.021231423193133425,0.9209256404346082,23.825143337249756,25.689787212016277,21.960499462483234,23.747134746216553,24.201837148618864,25.990213938854538,26.862495846812614,21.420000076293945
2021-12-20,23.649999618530277,23.68000030517578,22.950000762939453,23.450000762939453,228200,0.0,0,-0.024947962293342174,0.8979504222820737,23.74000415802002,25.50625832991012,21.97374998612992,23.747134746216553,24.201837148618864,26.082321353204172,26.862495846812614,20.71999931335449
2021-12-21,23.84000015258789,24.5,23.84000015258789,24.21999931335449,166000,0.0,0,0.032835758011229954,0.9274353050542096,23.684900951385497,25.31213680478684,22.057665097984156,23.747134746216553,24.022600678740318,26.453239809466247,26.862495846812614,20.76000022888184
2021-12-22,24.200000762939453,24.549999237060547,23.90999984741211,24.530000686645508,116100,0.0,0,0.01279939645250483,0.9393059172076481,23.658740615844728,25.21147360865881,22.106007623030646,23.619999885559082,24.00268693885058,26.45323986145695,26.862495846812614,21.170000076293945
2021-12-23,24.82999992370605,24.850000381469727,24.489999771118164,24.489999771118164,119500,0.0,0,-0.0016306936162916452,0.9377741970447127,23.642529296875,25.152388774881032,22.13266981886897,23.770000457763672,24.00268693885058,26.45323986145695,26.862495846812614,22.190000534057617
2021-12-27,24.540000915527344,24.979999542236328,24.1200008392334,24.81999969482422,126200,0.0,0,0.01347488471989422,0.9504105962431815,23.685635471343993,25.27698022255717,22.094290720130815,23.835000038146973,24.00268693885058,26.439548126684482,26.862495846812614,20.920000076293945
2021-12-28,24.61000061035156,25.299999237060547,24.61000061035156,24.76000022888184,113600,0.0,0,-0.0024173838307859352,0.9481130890352156,23.723750114440918,25.379102567123276,22.06839766175856,23.994999885559082,24.00268693885058,26.435814405050657,26.862495846812614,21.309999465942383
2021-12-29,24.700000762939453,24.96999931335449,24.59000015258789,24.790000915527344,108600,0.0,0,0.001211659384821484,0.9492618791574172,23.857961559295653,25.39676535768857,22.319157760902737,24.125,24.00268693885058,26.338728602445002,26.862495846812614,20.770000457763672
2021-12-30,24.700000762939453,25.040000915527344,24.43000030517578,24.440000534057617,121900,0.0,0,-0.014118611074778187,0.9358596198774806,23.990107250213622,25.217730138023665,22.76248436240358,24.125,23.883195558867172,26.313834821662944,26.862495846812614,21.18000030517578
2021-12-31,24.549999237060547,24.780000686645508,24.32999992370605,24.649999618530277,177800,0.0,0,0.008592433710466585,0.9439009316235802,24.084956550598143,25.20267411469955,22.967238986496735,24.125,23.528628360707323,26.254089329326046,26.862495846812614,21.8700008392334
2022-01-03,24.809999465942383,25.71999931335449,24.780000686645508,25.149999618530277,138200,0.0,0,0.020283975973132806,0.9630469954416506,24.206797409057618,25.225686855704893,23.187907962410343,24.77999973297119,23.738628398854296,26.10223617853388,26.862495846812614,22.059999465942383
2022-01-04,25.209999084472656,25.549999237060547,25.0,25.36000061035156,144400,0.0,0,0.008349940159305458,0.9710883802241873,24.287358951568603,25.40017561134949,23.174542291787716,24.8149995803833,23.738628398854296,25.865744062962648,26.862495846812614,20.96999931335449
2022-01-05,25.450000762939453,25.959999084472656,24.090999603271484,24.290000915527344,239600,0.0,0,-0.042192415972871045,0.9301158153393468,24.31342477798462,25.400264779265786,23.22658477670345,25.02549934387207,23.858628284413378,25.855787193017782,26.862495846812614,20.850000381469727
2022-01-06,24.13999938964844,24.670000076293945,24.06999969482422,24.420000076293945,133100,0.0,0,0.005351961954167761,0.9350937597960127,24.309645462036134,25.39442688407124,23.224864040001027,25.014999389648438,23.858628284413378,25.473914631617056,26.800758404938442,20.959999084472656
2022-01-07,24.1200008392334,24.53499984741211,23.670000076293945,23.739999771118164,176400,0.0,0,-0.02784604025599091,0.909055101317607,24.282819557189942,25.39602597694102,23.169613137438866,24.8149995803833,23.99305581717224,24.921270992814947,26.65637448549335,21.6200008392334
2022-01-10,23.479999542236328,23.71999931335449,22.8700008392334,23.479999542236328,230800,0.0,0,-0.010951989527740014,0.8990991393678379,24.24448719024658,25.412107550665425,23.076866829827736,24.414999961853027,24.261909294246106,24.266561529477382,26.65637448549335,21.440000534057617
2022-01-11,23.420000076293945,23.530000686645508,22.791000366210938,23.07999992370605,143600,0.0,0,-0.017035759213314683,0.883782302920669,24.222499942779542,25.459171759779572,22.985828125779513,24.375499725341797,24.324999809265137,24.266561529477382,26.65637448549335,21.15999984741211
2022-01-12,23.059999465942383,23.3439998626709,22.71500015258789,22.8700008392334,197600,0.0,0,-0.009098747190937284,0.8757409911745694,24.193000030517577,25.526468993749234,22.85953106728592,24.337499618530273,24.324999809265137,24.206815839485678,26.65637448549335,
2022-01-13,23.149999618530277,23.420000076293945,22.81999969482422,22.899999618530277,183200,0.0,0,0.0013117087099276947,0.8768897082603337,24.15200004577637,25.58871037487122,22.715289716681518,24.337499618530273,24.324999809265137,24.0226006188108,26.65637448549335,
2022-01-14,22.559999465942383,23.09499931335449,22.559999465942383,22.959999084472656,192400,0.0,0,0.002620064058596272,0.8791872154682996,24.122500038146974,25.63068676296941,22.614313313324537,24.25999927520752,24.25999927520752,23.860790551529895,26.65637448549335,
2022-01-18,22.76000022888184,23.0049991607666,21.959999084472656,22.01000022888184,202000,0.0,0,-0.041376258426477075,0.8428097380358285,24.020500087738036,25.790752845322213,22.250247330153858,23.959999084472656,23.959999084472656,23.90559967073449,26.65637448549335,
2022-01-19,22.01000022888184,22.450000762939453,21.540000915527344,21.649999618530277,182900,0.0,0,-0.016356229287047608,0.829024548715158,23.930500030517578,25.972898456554535,21.88810160448062,23.105000495910645,23.75,23.90559967073449,26.65637448549335,
2022-01-20,21.739999771118164,22.530000686645508,21.38999938964844,21.46999931335449,148600,0.0,0,-0.008314102002187851,0.8221319540548224,23.79300003051758,26.095620480943587,21.49037958009157,22.962499618530273,23.674999237060547,23.90559967073449,26.65637448549335,
2022-01-21,21.32999992370605,22.239999771118164,21.0,21.31999969482422,259300,0.0,0,-0.006986475236492873,0.8163881495166889,23.632499980926514,26.147376709553843,21.117623252299186,22.359999656677246,23.479999542236328,23.97281343711392,26.65637448549335,
2022-01-24,20.799999237060547,22.670000076293945,20.67099952697754,22.530000686645508,303400,0.0,0,0.056754268721450174,0.8627216619353665,23.53450002670288,26.060932211772123,21.008067841633636,22.100500106811523,23.315499305725098,24.02757996302715,26.65637448549335,
2022-01-25,22.21999931335449,22.489999771118164,21.600000381469727,22.239999771118164,259300,0.0,0,-0.01287176683040403,0.8516169098633958,23.40550003051758,25.91951316393429,20.89148689710087,22.045499801635742,23.315499305725098,24.034231439754606,26.65637448549335,
2022-01-26,22.59000015258789,22.71999931335449,21.197999954223636,21.420000076293945,181800,0.0,0,-0.03687049025464051,0.8202173768875903,23.238500022888182,25.814078994308037,20.662921051468327,22.045499801635742,23.315499305725098,23.97448594741771,26.65637448549335,
2022-01-27,21.420000076293945,21.57999992370605,20.49099922180176,20.71999931335449,193300,0.0,0,-0.032679774063780975,0.7934128583277168,23.034999942779542,25.72979116619573,20.340208719363353,21.792999267578125,23.225499153137207,23.97448594741771,26.65637448549335,
2022-01-28,20.8799991607666,20.940000534057617,20.09000015258789,20.76000022888184,422600,0.0,0,0.0019305461801617518,0.7949445784906526,22.850999927520753,25.638888447257685,20.063111407783822,21.547499656677246,23.024999618530273,23.884867712478435,26.65637448549335,
2022-01-31,20.479999542236328,21.209999084472656,20.100000381469727,21.170000076293945,508200,0.0,0,0.01974951073659925,0.8106443449785551,22.676999950408934,25.427793599297303,19.926206301520565,21.40499973297119,23.024999618530273,23.81134341220483,26.65637448549335,
2022-02-01,21.100000381469727,22.25,20.76000022888184,22.190000534057617,318000,0.0,0,0.0481814102072613,0.8497023326961635,22.528999996185302,25.036928993077645,20.02107099929296,21.40499973297119,23.024999618530273,23.886343698307126,26.65637448549335,
2022-02-02,22.190000534057617,22.34000015258789,20.549999237060547,20.920000076293945,610200,0.0,0,-0.05723300708417978,0.8010713130695198,22.306999969482423,24.541591105751408,20.072408833213437,21.40499973297119,23.024999618530273,23.918843488498776,26.65637448549335,
2022-02-03,20.90999984741211,21.61000061035156,20.90999984741211,21.309999465942383,350500,0.0,0,0.018642418175245368,0.8160052194759547,22.157999897003172,24.233940995999223,20.08205879800712,21.40499973297119,23.024999618530273,23.99884341220483,26.65637448549335,
2022-02-04,21.170000076293945,21.290000915527344,20.25,20.770000457763672,356700,0.0,0,-0.025340169953628422,0.7953275085313861,21.97549991607666,23.854287528542336,20.096712303610985,21.40499973297119,23.024999618530273,24.06384346942529,26.65637448549335,
2022-02-07,20.649999618530277,21.559999465942383,20.649999618530277,21.18000030517578,210900,0.0,0,0.019740001847657895,0.8110272750192888,21.847499942779542,23.568554897139144,20.12644498841994,21.40499973297119,23.024999618530273,24.004097779433586,26.65637448549335,
2022-02-08,21.200000762939453,21.920000076293945,21.07999992370605,21.8700008392334,177500,0.0,0,0.032577928428499714,0.8374488635384284,21.767000007629395,23.31525119586685,20.21874881939194,21.21500015258789,23.024999618530273,23.82681418035366,26.65637448549335,
2022-02-09,21.8700008392334,22.1299991607666,21.13999938964844,22.059999465942383,357900,0.0,0,0.008687636918977004,0.8447243152030602,21.71599998474121,23.14965028930081,20.28234968018161,21.21500015258789,23.024999618530273,24.259314065912744,26.65637448549335,
2022-02-10,21.59000015258789,22.02199935913086,20.82999992370605,20.96999931335449,175300,0.0,0,-0.049410706209250144,0.8029858902367518,21.620999908447267,22.98559525540144,20.256404561493095,21.22000026702881,23.024999618530273,24.276813989618798,26.65637448549335,
2022-02-11,21.1200008392334,21.2450008392334,20.565000534057617,20.850000381469727,201800,0.0,0,-0.005722409910063342,0.79839087582082,21.51849994659424,22.786993270962732,20.250006622225747,21.295000076293945,22.380000114440918,24.442063814142724,26.65637448549335,
2022-02-14,20.700000762939453,21.350000381469727,20.399999618530277,20.959999084472656,324600,0.0,0,0.005275717073880193,0.8026029601960181,21.41849994659424,22.519214035698162,20.317785857490314,21.295000076293945,22.3125,24.436813837030908,26.65637448549335,
2022-02-15,21.11000061035156,21.709999084472656,20.979999542236328,21.6200008392334,173100,0.0,0,0.03148863471323704,0.8278758316293932,21.398999977111817,22.470215514016097,20.327784440207537,21.1899995803833,21.90499973297119,24.40402769877777,25.839855046779316,
2022-02-16,21.57999992370605,21.84000015258789,21.200000762939453,21.440000534057617,169600,0.0,0,-0.008325638214090048,0.820983236969058,21.388500022888184,22.453703613619215,20.323296432157154,21.1899995803833,21.8100004196167,24.33845462804957,24.530436120104184,
2022-02-17,21.11000061035156,21.43930053710937,20.96999931335449,21.15999984741211,258531,0.0,0,-0.013059733193603429,0.8102614149378211,21.373000049591063,22.442065523052083,20.303934576130043,21.264999389648438,21.755000114440918,24.350249767303467,24.530436120104184,
